﻿<?xml version="1.0" encoding="utf-8"?>
<ProjectElements>
  <AcfElementGuid Guid="470d8ab8-d49c-4156-85a8-57f9f336e1fd">
    <File>prgInMap.AcfMlge</File>
  </AcfElementGuid>
  <AcfElementGuid Guid="4d0040d9-e9ab-4e44-912c-a80a9e2c7778">
    <File>prgCtrl.AcfMlge</File>
  </AcfElementGuid>
  <AcfElementGuid Guid="6b350736-a25b-442c-8b5e-079169d66058">
    <File>FB1.AcfMlge</File>
  </AcfElementGuid>
  <AcfElementGuid Guid="d8d96d08-e613-47fa-aebd-940c61498f8f">
    <File>prgOutMap.AcfMlge</File>
  </AcfElementGuid>
</ProjectElements>